date,death,deathIncrease,inIcuCumulative,inIcuCurrently,hospitalizedIncrease,hospitalizedCurrently,hospitalizedCumulative,negative,negativeIncrease,onVentilatorCumulative,onVentilatorCurrently,positive,positiveIncrease,states,totalTestResults,totalTestResultsIncrease
2/28/2021,503235,1049,44907,9802,879,47352,868006,122542838,302831,4252,3245,28350657,54288,56,354583408,1346785
2/27/2021,502186,1837,44875,10114,1428,48871,867127,122240007,421363,4252,3335,28296369,70774,56,353236623,1649277
2/26/2021,500349,2141,44791,10466,1933,51112,865699,121818644,527981,4247,3466,28225595,74857,56,351587346,1802202
2/25/2021,498208,3138,44636,10846,1982,52669,863766,121290663,532707,4233,3567,28150738,75565,56,349785144,1837743
2/24/2021,495070,2447,44534,11026,2172,54118,861784,120757956,458252,4227,3685,28075173,73258,56,347947401,1464714
2/23/2021,492623,2241,44420,11272,2164,55058,859612,120299704,369827,4214,3755,28001915,69105,56,346482687,1201434
2/22/2021,490382,1235,44266,11536,1305,55403,857448,119929877,294759,4200,3804,27932810,52530,56,345281253,1233085
2/21/2021,489147,1287,44216,11862,997,56159,856143,119635118,301376,4197,3915,27880280,58702,56,344048168,1236684
2/20/2021,487860,2160,44166,12120,1732,58222,855146,119333742,341567,4197,3932,27821578,72354,56,342811484,1295176
2/19/2021,485700,2477,44085,12491,2674,59882,853414,118992175,427224,4187,4118,27749224,74676,56,341516308,1874805
2/18/2021,483223,2616,43964,13045,2497,62300,850740,118564951,407591,4178,4180,27674548,66824,56,339641503,1354633
2/17/2021,480607,2348,43823,13103,2857,63405,848243,118157360,405162,4154,4271,27607724,66839,56,338286870,1334305
2/16/2021,478259,1353,43673,13616,2094,64533,845386,117752198,211297,4149,4406,27540885,56312,56,336952565,1058227
2/15/2021,476906,1078,43553,13799,1130,65455,843292,117540901,304946,4143,4454,27484573,55077,56,335894338,1124272
2/14/2021,475828,1366,43516,14047,1236,67023,842162,117235955,313622,4141,4538,27429496,72164,56,334770066,1433952
2/13/2021,474462,3467,43463,14396,1805,69283,840926,116922333,467642,4140,4648,27357332,90642,56,333336114,1767185
2/12/2021,470995,5427,43389,14775,2347,71497,839121,116454691,531594,4126,4849,27266690,101030,56,331568929,1814080
2/11/2021,465568,3873,43291,15190,2460,74225,836774,115923097,546242,4113,4970,27165660,102417,56,329754849,1869414
2/10/2021,461695,3445,43184,15788,3226,76979,834314,115376855,357235,4106,5121,27063243,95194,56,327885435,1389911
2/9/2021,458250,2795,43000,16129,3144,79179,831088,115019620,470289,4092,5216,26968049,92986,56,326495524,1499071
2/8/2021,455455,1309,42833,16174,1638,80055,827944,114549331,336278,4080,5260,26875063,77737,56,324996453,1424075
2/7/2021,454146,1475,42779,16616,1543,81439,826306,114213053,393480,4079,5342,26797326,95994,56,323572378,1498467
2/6/2021,452671,2994,42730,17093,2443,84233,824763,113819573,518729,4078,5475,26701332,114557,56,322073911,1881694
2/5/2021,449677,3543,42626,17284,2940,86373,822320,113300844,549788,4060,5596,26586775,131146,56,320192217,1875306
2/4/2021,446134,5212,42472,17918,3402,88668,819380,112751056,489583,4059,5732,26455629,123907,56,318316911,1674771
2/3/2021,440922,3685,42323,18147,3975,91440,815978,112261473,475312,4044,5920,26331722,116960,56,316642140,1439658
2/2/2021,437237,3486,42148,18388,3285,92880,812003,111786161,304757,4035,6047,26214762,117616,56,315202482,1395736
2/1/2021,433751,1562,41998,18572,1766,93536,808718,111481404,550856,4025,6086,26097146,120200,56,313806746,1531697
1/31/2021,432189,2059,41934,18968,2171,95013,806952,110930548,421100,4019,6291,25976946,119367,56,312275049,1718014
1/30/2021,430130,2982,41872,19130,3147,97561,804781,110509448,529064,4016,6329,25857579,148824,56,310557035,2171543
1/29/2021,427148,3503,41758,19609,2835,101003,801634,109980384,572421,4011,6483,25708755,167111,56,308385492,1942986
1/28/2021,423645,4011,41588,20113,3500,104303,798799,109407963,539401,4000,6642,25541644,157306,56,306442506,1943869
1/27/2021,419634,4077,41402,20497,4134,107444,795299,108868562,464972,3985,6806,25384338,153985,56,304498637,1641704
1/26/2021,415557,3734,41205,20573,3705,108960,791165,108403590,532671,3976,6832,25230353,146448,56,302856933,1744394
1/25/2021,411823,1593,41028,20875,2515,109936,787460,107870919,451944,3949,6857,25083905,133454,56,301112539,1648946
1/24/2021,410230,1944,40931,21168,1909,110628,784945,107418975,412763,3943,6989,24950451,144234,56,299463593,1783155
1/23/2021,408286,3591,40853,21657,6652,113609,783036,107006212,559167,3941,7110,24806217,177118,56,297680438,2002051
1/22/2021,404695,3980,40687,22008,4325,116264,776384,106447045,588884,3919,7236,24629099,190915,56,295678387,2029923
1/21/2021,400715,3878,40481,22309,4053,119949,772059,105858161,537277,3910,7370,24438184,186275,56,293648464,1937586
1/20/2021,396837,4409,40340,22809,5105,122700,768006,105320884,529182,3897,7564,24251909,189203,56,291710878,1839119
1/19/2021,392428,2141,40103,23029,3206,123820,762901,104791702,611349,3883,7688,24062706,146626,56,289871759,1732695
1/18/2021,390287,1395,39973,23226,2839,123848,759695,104180353,348626,3865,7772,23916080,150792,56,288139064,1708352
1/17/2021,388892,2053,39864,23432,2167,124387,756856,103831727,490957,3860,7797,23765288,187218,56,286430712,1910937
1/16/2021,386839,3709,39797,23524,4039,126139,754689,103340770,507306,3858,7755,23578070,218085,56,284519775,2111835
1/15/2021,383130,3679,39626,23593,4000,127235,750650,102833464,684422,3845,7772,23359985,246454,56,282407940,2328022
1/14/2021,379451,3915,39418,23891,3792,128947,746650,102149042,600344,3829,7878,23113531,225616,56,280079918,2064004
1/13/2021,375536,4087,39248,23857,5312,130391,742858,101548698,432071,3811,7902,22887915,224491,56,278015914,1827852
1/12/2021,371449,4064,39049,23881,4657,131326,737546,101116627,646790,3796,7879,22663424,218020,56,276188062,1974663
1/11/2021,367385,1733,38823,23501,3045,129793,732889,100469837,524665,3773,7786,22445404,195255,56,274213399,1765847
1/10/2021,365652,2068,38706,23640,2413,129223,729844,99945172,464420,3771,7878,22250149,228732,56,272447552,2044183
1/9/2021,363584,3537,38607,23718,6683,130781,727431,99480752,569537,3767,7791,22021417,269368,56,270403369,2143962
1/8/2021,360047,3780,38432,23912,4705,131921,720748,98911215,640284,3756,7908,21752049,295121,56,268259407,2163697
1/7/2021,356267,4079,38236,23821,5312,132370,716043,98270931,524260,3748,7900,21456928,272043,56,266095710,1936917
1/6/2021,352188,3902,38064,23708,6607,132474,710731,97746671,466563,3739,7946,21184885,250184,56,264158793,1655624
1/5/2021,348286,3484,37841,23509,4290,131195,704124,97280108,648800,3718,7976,20934701,219075,56,262503169,1735558
1/4/2021,344802,1547,37586,23435,3892,128210,699834,96631308,446754,3692,7930,20715626,179571,56,260767611,1513830
1/3/2021,343255,1455,37433,23243,2226,125562,695942,96184554,334242,3688,7939,20536055,208457,56,259253781,1451882
1/2/2021,341800,2406,37309,23133,3051,123614,693716,95850312,479470,3684,7910,20327598,280318,56,257801899,2046711
1/1/2021,339394,2592,37196,23255,4550,125047,690665,95370842,312567,3681,7990,20047280,182906,56,255755188,1423792
12/31/2020,336802,3297,37066,23097,4348,125423,686115,95058275,475872,3672,8004,19864374,226246,56,254331396,1804113
12/30/2020,333505,3900,36855,23069,5514,125220,681767,94582403,401672,3653,7930,19638128,229496,56,252527283,1593995
12/29/2020,329605,3289,36583,22838,5261,124686,676253,94180731,336336,3635,7885,19408632,199679,56,250933288,1355595
12/28/2020,326316,1490,36308,22579,3723,121202,670992,93844395,491612,3612,7948,19208953,164127,56,249577693,1368559
12/27/2020,324826,1397,36164,22447,2302,118720,667269,93352783,297044,3604,7878,19044826,153540,56,248209134,1388268
12/26/2020,323429,1426,36038,22373,2292,117344,664967,93055739,659398,3593,7809,18891286,190594,56,246820866,2160205
12/25/2020,322003,1553,35945,22418,2047,118948,662675,92396341,310214,3592,7831,18700692,126796,56,244660661,1436706
12/24/2020,320450,2958,35899,22623,4289,120200,660628,92086127,470415,3587,7792,18573896,206684,56,243223955,1974437
12/23/2020,317492,3393,35695,22489,4795,119463,656339,91615712,500238,3579,7819,18367212,224526,56,241249518,1797190
12/22/2020,314099,3137,35428,22213,4567,117777,651544,91115474,456397,3554,7830,18142686,193008,56,239452328,1782113
12/21/2020,310962,1480,35178,21884,3111,115358,646977,90659077,729602,3539,7783,17949678,179406,56,237670215,1982166
12/20/2020,309482,1668,35030,21763,2382,113601,643866,89929475,455908,3530,7695,17770272,197494,56,235688049,1840102
12/19/2020,307814,2708,34949,21692,3429,113914,641484,89473567,445160,3529,7786,17572778,204873,56,233847947,1837936
12/18/2020,305106,2866,34716,21745,5214,113955,638055,89028407,768736,3519,7786,17367905,241786,56,232010011,2209133
12/17/2020,302240,3465,34485,21912,5167,114492,632841,88259671,497254,3504,7848,17126119,242970,56,229800878,1902707
12/16/2020,298775,3453,34237,21943,4776,113257,627674,87762417,553616,3488,7782,16883149,234288,56,227898171,1851079
12/15/2020,295322,2924,33958,21897,4430,112816,622898,87208801,565482,3460,7702,16648861,193218,56,226047092,1853496
12/14/2020,292398,1357,33693,21458,3461,110573,618468,86643319,750056,3442,7699,16455643,193286,56,224193596,2021849
12/13/2020,291041,1501,33494,21230,2314,109298,615007,85893263,513763,3432,7535,16262357,187251,56,222171747,1829862
12/12/2020,289540,2497,33419,21198,3789,108461,612693,85379500,484998,3430,7515,16075106,226904,56,220341885,1908307
12/11/2020,287043,2747,33237,21012,5411,108101,608904,84894502,687008,3424,7488,15848202,236933,56,218433578,2004505
12/10/2020,284296,3132,32919,21024,4450,107300,603493,84207494,554269,3394,7444,15611269,220846,56,216429073,1934161
12/9/2020,281164,3169,32720,20903,5300,106671,599043,83653225,611966,3376,7621,15390423,216728,56,214494912,1847512
12/8/2020,277995,2680,32406,20475,4410,104637,593743,83041259,530492,3359,7251,15173695,217844,56,212647400,1701471
12/7/2020,275315,1291,32120,20097,3461,102122,589333,82510767,544367,3328,7067,14955851,181897,56,210945929,1663904
12/6/2020,274024,1163,31946,20145,2311,101501,585872,81966400,465520,3322,7095,14773954,182580,56,209282025,1674945
12/5/2020,272861,2486,31831,19947,3513,101192,583561,81500880,626881,3321,7006,14591374,219070,56,207607080,2300204
12/4/2020,270375,2563,31608,19853,4654,101309,580048,80873999,585720,3305,6992,14372304,230313,56,205306876,1917388
12/3/2020,267812,2822,31276,19714,5369,100746,575394,80288279,564686,3280,6871,14141991,216271,56,203389488,1908007
12/2/2020,264990,2811,31038,19687,5238,100327,570025,79723593,-463762,3252,6855,13925720,203429,56,201481481,1597355
12/1/2020,262179,2489,30749,19292,4916,98736,564787,80187355,494756,3223,6643,13722291,181183,56,199884126,1501549
11/30/2020,259690,1037,30469,18807,3394,96134,559871,79692599,628900,3205,6520,13541108,150031,56,198382577,1540590
11/29/2020,258653,825,30274,18437,2429,93357,556477,79063699,362709,3184,6245,13391077,137254,56,196841987,1332197
11/28/2020,257828,1243,30109,18249,3485,91762,554048,78700990,559770,3179,6148,13253823,151469,56,195509790,1685790
11/27/2020,256585,1404,29858,18056,3418,89913,550563,78141220,730181,3171,6028,13102354,198874,56,193824000,2011765
11/26/2020,255181,1392,29673,18019,2333,90564,547145,77411039,340800,3153,5986,12903480,129764,56,191812235,1405149
11/25/2020,253789,2281,29540,17738,4538,90043,544812,77070239,649198,3147,5987,12773716,188496,56,190407086,1885454
11/24/2020,251508,2091,29245,17317,4685,88132,540274,76421041,595084,3123,5626,12585220,166503,56,188521632,1876113
11/23/2020,249417,853,28990,17060,2835,85945,535589,75825957,612485,3106,5455,12418717,154696,56,186645519,1684232
11/22/2020,248564,923,28828,16411,2291,83882,532754,75213472,578177,3094,5233,12264021,154188,56,184961287,1826739
11/21/2020,247641,1551,28693,16264,3375,83346,530463,74635295,675743,3087,5103,12109833,186385,56,183134548,2130564
11/20/2020,246090,1910,28472,16146,3903,82318,527088,73959552,709119,3078,5058,11923448,197164,56,181003984,1985294
11/19/2020,244180,2010,28216,15759,4456,80669,523185,73250433,590328,3052,4860,11726284,187932,56,179018690,1853168
11/18/2020,242170,1885,27989,15557,4352,79478,518729,72660105,580120,3024,4699,11538352,168220,56,177165522,1700996
11/17/2020,240285,1553,27681,15009,3887,77047,514377,72079985,513846,3004,4379,11370132,159826,56,175464526,1642283
11/16/2020,238732,607,27437,14471,2907,73320,510490,71566139,554396,2988,4156,11210306,149977,56,173822243,1493914
11/15/2020,238125,712,27269,13849,1868,70202,507583,71011743,576065,2975,3939,11060329,147062,56,172328329,1619092
11/14/2020,237413,1353,27172,13491,3468,69588,505715,70435678,571664,2972,3945,10913267,167726,56,170709237,1781362
11/13/2020,236060,1301,26997,13280,3673,68585,502247,69864014,587031,2967,3766,10745541,174633,56,168927875,1733138
11/12/2020,234759,1112,26803,12917,3562,67236,498574,69276983,529629,2954,3622,10570908,157542,56,167194737,1618159
11/11/2020,233647,1577,26584,12626,3281,65549,495012,68747354,512367,2947,3365,10413366,149333,56,165576578,1496644
11/10/2020,232070,1358,26335,12057,4070,62119,491731,68234987,412416,2922,3202,10264033,135569,56,164079934,1388946
11/9/2020,230712,577,26087,11636,2176,59342,487661,67822571,613802,2907,3111,10128464,118403,56,162690988,1398240
11/8/2020,230135,513,25819,11223,1467,56942,485485,67208769,414407,2900,2977,10010061,112445,56,161292748,1259513
11/7/2020,229622,1125,25721,11215,2341,56037,484018,66794362,549533,2898,2947,9897616,132113,56,160033235,1469775
11/6/2020,228497,1185,25498,11213,3121,55005,481677,66244829,527701,2885,2850,9765503,129990,56,158563460,1708580
11/5/2020,227312,1154,25276,11050,2553,53380,478556,65717128,524219,2872,2876,9635513,119023,56,156854880,1623292
11/4/2020,226158,1131,25041,10892,3107,52166,476003,65192909,386395,2853,2832,9516490,105996,56,155231588,1320476
11/3/2020,225027,1517,24796,10538,3135,50509,472896,64806514,431719,2833,2734,9410494,119949,56,153911112,1272771
11/2/2020,223510,475,24560,9957,1399,48750,469761,64374795,542102,2809,2633,9290545,83454,56,152638341,1246468
11/1/2020,223035,410,24457,9665,1166,47615,468362,63832693,368695,2797,2553,9207091,141973,56,151391873,1160178
10/31/2020,222625,958,24375,9613,2116,47486,467196,63463998,535428,2786,2502,9065118,91294,56,150231695,1468173
10/30/2020,221667,947,24230,9550,2403,46880,465080,62928570,448547,2776,2477,8973824,97942,56,148763522,1424410
10/29/2020,220720,1060,24082,9320,2321,46191,462677,62480023,536164,2760,2399,8875882,89365,56,147339112,1398869
10/28/2020,219660,1047,23883,9133,2461,45214,460356,61943859,457411,2744,2354,8786517,79700,56,145940243,1214920
10/27/2020,218613,922,23701,8985,2290,44391,457895,61486448,369749,2719,2283,8706817,72255,56,144725323,1142877
10/26/2020,217691,397,23542,8946,1697,42988,455605,61116699,478661,2703,2300,8634562,63430,56,143582446,1138096
10/25/2020,217294,391,23420,8590,1076,41883,453908,60638038,425466,2693,2176,8571132,64471,56,142444350,1215043
10/24/2020,216903,896,23356,8675,1822,42087,452832,60212572,471136,2691,2230,8506661,83792,56,141229307,1369867
10/23/2020,216007,949,23221,8342,15058,41614,451010,59741436,538266,2679,2180,8422869,82575,56,139859440,1433762
10/22/2020,215058,1117,23018,8180,2505,41114,435952,59203170,503996,2641,2147,8340294,73419,56,138425678,1306186
10/21/2020,213941,1028,22855,8291,2123,40397,433447,58699174,353190,2622,2083,8266875,61710,56,137119492,1057880
10/20/2020,212913,833,22662,8206,2309,39391,431324,58345984,357619,2593,2042,8205165,60574,56,136061612,1033475
10/19/2020,212080,443,22475,8063,1605,37976,429015,57988365,561292,2577,1804,8144591,57650,56,135028137,1063463
10/18/2020,211637,405,22391,7383,813,36536,427410,57427073,352861,2557,1762,8086941,47957,56,133964674,1066691
10/17/2020,211232,780,22320,7466,1546,37474,426597,57074212,465369,2553,1791,8038984,57675,56,132897983,1367258
10/16/2020,210452,891,22202,7333,1866,37479,425051,56608843,479159,2547,1740,7981309,68505,56,131530725,1244803
10/15/2020,209561,928,22051,7303,2010,37423,423185,56129684,444549,2531,1773,7912804,63641,56,130285922,1183337
10/14/2020,208633,801,21889,7236,2437,37184,421175,55685135,281476,2516,1775,7849163,57240,56,129102585,1116666
10/13/2020,207832,718,21735,7104,2058,36171,418738,55403659,385444,2485,1757,7791923,46979,56,127985919,1113981
10/12/2020,207114,285,21625,6860,1106,35148,416680,55018215,390770,2464,1663,7744944,43234,56,126871938,939966
10/11/2020,206829,471,21553,6749,981,34609,415574,54627445,359942,2454,1646,7701710,46672,56,125931972,1092976
10/10/2020,206358,691,21512,6752,1486,34700,414593,54267503,486053,2451,1667,7655038,57635,56,124838996,1293880
10/9/2020,205667,913,21389,6775,1735,34974,413107,53781450,482698,2437,1651,7597403,56993,56,123545116,1271466
10/8/2020,204754,979,21217,6694,2134,34446,411372,53298752,199808,2427,1638,7540410,55308,56,122273650,1223842
10/7/2020,203775,929,21112,6591,2138,33565,409238,53098944,375759,2410,1650,7485102,51216,56,121049808,1087750
10/6/2020,202846,613,20973,6490,-752,32726,407100,52723185,316804,2388,1609,7433886,38846,56,119962058,959143
10/5/2020,202233,331,20812,6292,1447,31426,407852,52406381,448308,2370,1514,7395040,37752,56,119002915,954524
10/4/2020,201902,380,20729,6056,663,30063,406405,51958073,420158,2362,1485,7357288,38165,56,118048391,1009540
10/3/2020,201522,738,20686,6073,1088,30209,405742,51537915,354909,2358,1501,7319123,50874,56,117038851,1121158
10/2/2020,200784,842,20612,6195,1443,30880,404654,51183006,498296,2348,1534,7268249,49427,56,115917693,1203940
10/1/2020,199942,862,20492,6262,1757,30942,403211,50684710,380971,2334,1543,7218822,45720,56,114713753,1018431
9/30/2020,199080,1064,20390,6241,1618,31021,401454,50303739,366691,2319,1510,7173102,44909,56,113695322,977207
9/29/2020,198016,724,20247,6172,1673,30601,399836,49937048,314804,2298,1497,7128193,36766,56,112718115,994887
9/28/2020,197292,246,20121,6048,1181,29696,398163,49622244,402626,2285,1513,7091427,35376,56,111723228,988467
9/27/2020,197046,310,20050,6170,613,29579,396982,49219618,340575,2277,1511,7056051,34990,56,110734761,936839
9/26/2020,196736,873,20002,6143,1225,29670,396369,48879043,459833,2272,1509,7021061,47268,56,109797922,1137690
9/25/2020,195863,847,19919,6220,1322,29888,395144,48419210,466929,2264,1508,6973793,55237,56,108660232,1150157
9/24/2020,195016,938,19555,6274,1484,30159,393822,47952281,420177,2177,1560,6918556,43341,56,107510075,1014464
9/23/2020,194078,1156,19452,6200,1454,30015,392338,47532104,360940,2154,1545,6875215,39498,56,106495611,1022667
9/22/2020,192922,859,19324,6188,1534,29645,390884,47171164,346351,2130,1558,6835717,48986,56,105472944,904792
9/21/2020,192063,281,19353,6138,1064,28849,389350,46824813,275759,2116,1570,6786731,39162,56,104568152,736026
9/20/2020,191782,327,19281,6100,525,28724,388286,46549054,397752,2112,1595,6747569,35533,56,103832126,994214
9/19/2020,191455,747,19243,6163,1051,29185,387761,46151302,448470,2111,1577,6712036,45668,56,102837912,1154365
9/18/2020,190708,901,19163,6175,1423,29651,386710,45702832,465150,2107,1608,6666368,46889,56,101683547,1091282
9/17/2020,189807,880,19057,6285,1549,30035,385287,45237682,406941,2092,1662,6619479,43642,56,100592265,988394
9/16/2020,188927,1190,18961,6303,1461,30345,383738,44830741,335380,2090,1647,6575837,40319,56,99603871,855938
9/15/2020,187737,1034,18847,6308,1484,30427,382277,44495361,331196,2071,1574,6535518,34778,56,98747933,850594
9/14/2020,186703,407,18748,6249,912,30071,380793,44164165,352500,2061,1513,6500740,33572,56,97897339,812648
9/13/2020,186296,392,18692,6233,545,29921,379881,43811665,334958,2056,1562,6467168,34579,56,97084691,793150
9/12/2020,185904,817,18648,6451,1145,30758,379336,43476707,382218,2051,1619,6432589,41850,56,96291541,1002584
9/11/2020,185087,1015,18549,6376,1510,31530,378191,43094489,411352,2031,1716,6390739,44698,56,95288957,939863
9/10/2020,184072,1161,18453,6522,1498,32521,376681,42683137,344240,2008,1923,6346041,37409,56,94349094,836939
9/9/2020,182911,1088,18322,6659,1970,32653,375183,42338897,309452,1994,1906,6308632,30733,56,93512155,760341
9/8/2020,181823,347,18189,6543,934,32339,373213,42029445,194962,1975,1881,6277899,22310,56,92751814,541293
9/7/2020,181476,227,18156,6630,474,32116,372279,41834483,304950,1967,1879,6255589,28117,56,92210521,660792
9/6/2020,181249,452,18125,6700,499,32497,371805,41529533,315811,1960,1912,6227472,33033,56,91549729,766481
9/5/2020,180797,926,18089,6766,1173,33626,371306,41213722,379522,1956,1956,6194439,44860,56,90783248,981808
9/4/2020,179871,999,18012,6922,1249,34177,370133,40834200,502785,1943,1998,6149579,51600,56,89801440,1092445
9/3/2020,178872,1072,17894,6923,1488,34753,368884,40331415,372826,1928,2038,6097979,44643,56,88708995,912816
9/2/2020,177800,1035,17784,7091,1521,35660,367396,39958589,320032,1918,2027,6053336,30655,56,87796179,800091
9/1/2020,176765,1014,17655,7084,1867,35338,365875,39638557,291933,1902,2041,6022681,42242,56,86996088,817309
8/31/2020,175751,380,17537,7047,710,35453,364008,39346624,282874,1877,2075,5980439,31720,56,86178779,667656
8/30/2020,175371,477,17439,7268,662,35801,363298,39063750,371775,1870,2055,5948719,38766,56,85511123,850314
8/29/2020,174894,1017,17401,7413,1299,36516,362636,38691975,374871,1864,2062,5909953,43995,56,84660809,912608
8/28/2020,173877,1020,17304,7564,1642,37356,361337,38317104,377185,1856,2087,5865958,46115,56,83748201,932334
8/27/2020,172857,1128,17181,7712,1654,37498,359695,37939919,386163,1831,2128,5819843,44111,56,82815867,858891
8/26/2020,171729,1300,17046,7742,1804,38515,358041,37553756,365573,1809,2143,5775732,44331,56,81956976,776139
8/25/2020,170429,1140,16920,7854,1988,38831,356237,37188183,329575,1789,2161,5731401,36839,56,81180837,743001
8/24/2020,169289,341,16787,7854,1031,38806,354249,36858608,329007,1764,2112,5694562,34543,56,80437836,699795
8/23/2020,168948,577,16697,7949,698,39064,353218,36529601,331115,1737,2131,5660019,37900,56,79738041,724320
8/22/2020,168371,1035,16657,8207,1603,40017,352520,36198486,380196,1736,2204,5622119,46054,56,79013721,905285
8/21/2020,167336,1119,16563,8358,1783,41049,350917,35818290,375243,1730,2288,5576065,46456,56,78108436,916550
8/20/2020,166217,1129,16487,8486,1983,42109,349134,35443047,351024,1716,2330,5529609,43844,56,77191886,862729
8/19/2020,165088,1411,16377,8747,1983,43406,347151,35092023,394599,1705,2375,5485765,45073,56,76329157,847736
8/18/2020,163677,1179,16123,8859,2261,43840,345168,34697424,309631,1695,2467,5440692,40070,56,75481421,773942
8/17/2020,162498,411,15985,8881,1224,43614,342907,34387793,282086,1678,2444,5400622,37751,56,74707479,689630
8/16/2020,162087,617,15924,8958,685,44155,341683,34105707,382038,1665,2481,5362871,42503,56,74017849,779625
8/15/2020,161470,1227,15891,9087,1891,44922,340998,33723669,376986,1663,2526,5320368,56046,56,73238224,895907
8/14/2020,160243,1226,15764,9277,2141,45868,339107,33346683,460133,1665,2555,5264322,57101,56,72342317,986566
8/13/2020,159017,1163,15629,9480,2675,47303,336966,32886550,406160,1649,2574,5207221,51763,56,71355751,954335
8/12/2020,157854,1517,15524,9564,2971,48067,334291,32480390,149780,1629,2602,5155458,56186,56,70401416,604377
8/11/2020,156337,1320,15331,9135,2624,48600,331320,32330610,332926,1612,2422,5099272,54935,56,69797039,843601
8/10/2020,155017,430,15158,9209,1554,48751,328696,31997684,304825,1592,2529,5044337,41370,56,68953438,737558
8/9/2020,154587,621,15081,9307,862,48997,327142,31692859,382995,1578,2507,5002967,50766,56,68215880,798326
8/8/2020,153966,1086,15024,9662,1494,50071,326280,31309864,342265,1561,2566,4952201,53529,56,67417554,797230
8/7/2020,152880,1323,14925,9698,7994,51327,324786,30967599,413647,1549,2628,4898672,60823,56,66620324,901610
8/6/2020,151557,1241,14810,9996,2615,53219,316792,30553952,398932,1534,2714,4837849,54048,56,65718714,859985
8/5/2020,150316,1355,14687,9988,2118,53435,314177,30155020,352857,1524,2721,4783801,52698,56,64858729,824453
8/4/2020,148961,1241,14537,10207,4423,53436,312059,29802163,356014,1493,2701,4731103,51198,56,64034276,803597
8/3/2020,147720,516,14370,10233,1558,53517,307636,29446149,308182,1463,2664,4679905,42738,56,63230679,712060
8/2/2020,147204,496,14288,10415,831,54106,306078,29137967,373458,1448,2645,4637167,53301,56,62518619,794058
8/1/2020,146708,1201,14227,10450,2386,54554,305247,28764509,372834,1445,2698,4583866,60679,56,61724561,819693
7/31/2020,145507,1328,14044,10473,2532,55721,302861,28391675,252421,1437,2701,4523187,67827,56,60904868,995020
7/30/2020,144179,1248,13875,10519,3291,56571,300329,28139254,389852,1415,2762,4455360,68961,56,59909848,897923
7/29/2020,142931,1503,13744,10535,2860,57422,297038,27749402,449545,1400,2771,4386399,64143,56,59011925,915155
7/28/2020,141428,1111,13559,10463,4068,57185,294178,27299857,353995,1372,2748,4322256,58457,56,58096770,850578
7/27/2020,140317,1066,13412,10328,1631,58987,290110,26945862,366887,1356,2723,4263799,54479,56,57246192,764501
7/26/2020,139251,561,13343,10353,1380,58731,288479,26578975,479870,1336,2723,4209320,60768,56,56481691,868517
7/25/2020,138690,1014,13279,10380,1820,59382,287099,26099105,367424,1300,2729,4148552,64845,56,55613174,888727
7/24/2020,137676,1175,13182,10389,3063,59800,285279,25731681,448537,1297,2709,4083707,75061,56,54724447,1005158
7/23/2020,136501,1070,12933,10423,2373,59860,282216,25283144,455453,1280,2467,4008646,71436,56,53719289,940049
7/22/2020,135431,1149,12790,10460,2238,59758,279843,24827691,399426,1258,2444,3937210,69422,56,52779240,911515
7/21/2020,134282,1041,12629,6717,2551,59476,277605,24428265,360741,1242,2414,3867788,62920,56,51867725,847896
7/20/2020,133241,376,12475,6551,1563,58518,275054,24067524,364198,1223,2403,3804868,56663,56,51019829,741594
7/19/2020,132865,527,12393,6384,888,58052,273491,23703326,378273,1216,2362,3748205,64230,56,50278235,779426
7/18/2020,132338,876,12342,6397,1992,57822,272603,23325053,355989,1211,2343,3683975,64750,56,49498809,873771
7/17/2020,131462,939,12243,6451,2485,57871,270611,22969064,420951,1200,2352,3619225,76524,56,48625038,953037
7/16/2020,130523,941,12091,6349,2210,57602,268126,22548113,418204,1175,2314,3542701,70489,56,47672001,949687
7/15/2020,129582,863,12002,6328,2388,56340,265916,22129909,404857,1166,2322,3472212,69373,56,46722314,921227
7/14/2020,128719,741,11857,6238,2246,55678,263528,21725052,370955,1154,2263,3402839,58609,56,45801087,853256
7/13/2020,127978,329,11749,6063,1120,54118,261282,21354097,335395,1142,2254,3344230,57160,56,44947831,757345
7/12/2020,127649,472,11679,5930,894,52860,260162,21018702,368786,1136,2182,3287070,61605,56,44190486,795466
7/11/2020,127177,755,11612,5939,5088,51982,259268,20649916,368792,1128,2169,3225465,62569,56,43395020,836374
7/10/2020,126422,839,11523,5899,2196,51724,254180,20281124,406847,1118,2192,3162896,67111,56,42558646,918046
7/9/2020,125583,863,11370,5843,1661,44051,251984,19874277,399567,1138,2129,3095785,59062,56,41640600,852785
7/8/2020,124720,819,11303,5872,1890,43207,250323,19474710,328060,1103,2167,3036723,62813,56,40787815,791211
7/7/2020,123901,905,11177,5838,1976,41949,248433,19146650,294095,1084,2102,2973910,50990,56,39996604,743429
7/6/2020,122996,237,11058,5678,762,39960,246457,18852555,238793,1070,2104,2922920,40925,56,39253175,648642
7/5/2020,122759,209,11010,5653,582,38872,245695,18613762,296749,1064,2080,2881995,45334,56,38604533,621266
7/4/2020,122550,296,10977,5633,872,38281,245113,18317013,311148,1063,1982,2836661,54881,56,37983267,688088
7/3/2020,122254,603,10936,5597,1358,37927,244241,18005865,365567,1059,2049,2781780,54199,56,37295179,802084
7/2/2020,121651,699,10843,5636,1697,37646,242883,17640298,343486,1041,2104,2727581,53511,56,36493095,783135
7/1/2020,120952,698,10752,5492,1429,36526,241186,17296812,338203,1027,2099,2674070,51046,56,35709960,742055
6/30/2020,120254,579,10669,5426,1473,35337,239757,16958609,319864,1008,2044,2623024,47010,56,34967905,717935
6/29/2020,119675,336,10542,5389,731,33742,238284,16638745,340901,990,2021,2576014,39398,56,34249970,658260
6/28/2020,119339,273,10473,5252,547,32575,237553,16297844,294298,983,2077,2536616,41745,56,33591710,609379
6/27/2020,119066,508,10415,5314,1058,32566,237006,16003546,294465,977,2159,2494871,43058,56,32982331,719643
6/26/2020,118558,618,10334,5290,1542,31850,235948,15709081,318310,966,2069,2451813,44340,56,32262688,797666
6/25/2020,117940,648,10257,5319,1296,31922,234406,15390771,337287,951,2214,2407473,39707,56,31465022,715762
6/24/2020,117292,704,10173,5292,1246,31270,233110,15053484,269844,934,2247,2367766,39117,56,30749260,567233
6/23/2020,116588,724,10077,5392,1271,30355,231864,14783640,232195,918,2292,2328649,33447,56,30182027,675097
6/22/2020,115864,288,10002,5325,824,28963,230593,14551445,225535,909,2301,2295202,26829,56,29506930,490439
6/21/2020,115576,293,9944,5195,519,28325,229769,14325910,240302,904,2321,2268373,29188,56,29016491,504651
6/20/2020,115283,615,9908,5229,699,28084,229250,14085608,278697,888,2380,2239185,32236,56,28511840,612805
6/19/2020,114668,652,9876,5337,1578,28693,228551,13806911,330522,884,2433,2206949,30865,56,27899035,654017
6/18/2020,114016,682,9736,5472,1108,28538,226973,13476389,247221,869,2518,2176084,27042,56,27245018,562073
6/17/2020,113334,780,9665,5608,1077,28647,225865,13229168,269563,857,2584,2149042,24153,56,26682945,563776
6/16/2020,112554,720,9590,5570,1184,28370,224788,12959605,243089,845,2591,2124889,22838,56,26119169,507920
6/15/2020,111834,385,9516,5700,664,28034,223604,12716516,228398,835,2636,2102051,18255,56,25611249,446060
6/14/2020,111449,355,9466,5749,610,28020,222940,12488118,241926,834,2716,2083796,21658,56,25165189,476123
6/13/2020,111094,694,9430,5883,954,28578,222330,12246192,266534,830,2726,2062138,25453,56,24689066,543819
6/12/2020,110400,766,9373,6009,1376,29306,221376,11979658,353324,814,2738,2036685,23141,56,24145247,621734
6/11/2020,109634,896,9295,6075,1526,29850,220000,11626334,220055,792,2885,2013544,21991,56,23523513,487652
6/10/2020,108738,893,9225,6256,1239,30961,218474,11406279,223405,780,3022,1991553,20880,56,23035861,485691
6/9/2020,107845,886,9141,6453,1279,31179,217235,11182874,220269,771,3088,1970673,16916,56,22550170,459747
6/8/2020,106959,675,9013,6398,1071,31105,215956,10962605,194886,762,3238,1953757,16923,56,22090423,404252
6/7/2020,106284,447,8957,6501,655,31490,214885,10767719,246265,753,3298,1936834,19056,56,21686171,431034
6/6/2020,105837,714,8920,6762,989,31994,214230,10521454,285183,750,3476,1917778,22746,56,21255137,560042
6/5/2020,105123,835,8863,6921,1518,32502,213241,10236271,293617,740,3520,1895032,23050,56,20695095,615780
6/4/2020,104288,883,8787,7044,-2856,32802,211723,9942654,251139,723,3662,1871982,20477,56,20079315,508332
6/3/2020,103405,975,8688,7229,2145,33227,214579,9691515,257485,717,3754,1851505,20182,56,19570983,505107
6/2/2020,102430,971,8566,7410,1735,33956,212434,9434030,228044,710,3854,1831323,19879,56,19065876,459699
6/1/2020,101459,679,8485,7592,2862,34325,210699,9205986,213020,704,3950,1811444,20101,56,18606177,409401
5/31/2020,100780,655,8445,7625,895,34925,207837,8992966,206678,704,3669,1791343,21641,56,18196776,427744
5/30/2020,100125,923,8305,7960,1421,35759,206942,8786288,236602,698,4008,1769702,23596,56,17769032,456057
5/29/2020,99202,1174,8235,8170,1571,36942,205521,8549686,262539,689,4028,1746106,23618,56,17312975,538277
5/28/2020,98028,1235,8109,8392,1594,38000,203950,8287147,252865,676,4079,1722488,22799,56,16774698,491944
5/27/2020,96793,1335,8015,8552,1561,38300,202356,8034282,211204,666,4223,1699689,19172,56,16282754,431432
5/26/2020,95458,665,7899,8580,17287,37751,200795,7823078,159114,650,4221,1680517,16690,56,15851322,315116
5/25/2020,94793,556,7847,8467,898,37703,183508,7663964,221274,642,4232,1663827,18555,56,15536206,406833
5/24/2020,94237,688,7801,8491,1028,37742,182610,7442690,185648,639,4380,1645272,19062,56,15129373,386350
5/23/2020,93549,1040,7770,8739,1385,38625,181582,7257042,195875,638,4621,1626210,22561,56,14743023,453540
5/22/2020,92509,1290,7689,9042,3949,40008,180197,7061167,242138,633,4714,1603649,24115,56,14289483,454661
5/21/2020,91219,1380,7412,9092,4547,41359,176248,6819029,298038,616,4871,1579534,26831,56,13834822,507656
5/20/2020,89839,1397,7319,9522,1756,41856,171701,6520991,240873,613,4907,1552703,21293,56,13327166,466758
5/19/2020,88442,1317,7217,9598,1548,42023,169945,6280118,223430,606,5032,1531410,20687,56,12860408,420686
5/18/2020,87125,854,7064,9748,1132,41940,168397,6056688,182738,602,5260,1510723,20597,56,12439722,345673
5/17/2020,86271,873,7003,9945,1134,42019,167265,5873950,191221,593,5467,1490126,20436,56,12094049,349089
5/16/2020,85398,1237,6945,10276,1796,43515,166131,5682729,185721,592,5532,1469690,23743,56,11744960,384052
5/15/2020,84161,1538,6890,10476,1314,44553,164335,5497008,189736,589,5744,1445947,25490,56,11360908,408821
5/14/2020,82623,1853,6795,10655,3160,45923,163021,5307272,197468,582,5940,1420457,26773,56,10952087,390598
5/13/2020,80770,1730,6713,10991,1786,46921,159861,5109804,174774,572,6164,1393684,21500,56,10561489,346032
5/12/2020,79040,1509,6585,11241,1486,47343,158075,4935030,169472,559,6350,1372184,22442,56,10215457,343656
5/11/2020,77531,891,6488,11153,1374,46550,156589,4765558,249197,551,6349,1349742,18140,56,9871801,372182
5/10/2020,76640,1035,6445,11382,1043,46735,155215,4516361,135741,547,6392,1331602,21116,56,9499619,272325
5/9/2020,75605,1456,6367,11504,1680,48581,154172,4380620,158363,543,6550,1310486,25320,56,9227294,322985
5/8/2020,74149,1784,6294,11786,6230,49770,152492,4222257,155062,531,6793,1285166,27197,56,8904309,312555
5/7/2020,72365,2748,5174,12135,4191,51445,146262,4067195,141369,529,7067,1257969,27229,56,8591754,326810
5/6/2020,69617,1918,4911,12480,2154,52609,142071,3925826,143632,449,4758,1230740,25256,56,8264944,292378
5/5/2020,67699,2490,4794,12620,1932,53164,139917,3782194,141730,439,4810,1205484,22344,56,7972566,280763
5/4/2020,65209,1028,4579,12701,1765,52375,137985,3640464,122137,430,4852,1183140,22195,56,7691803,233510
5/3/2020,64181,1248,4502,12724,1855,52623,136220,3518327,136491,425,4762,1160945,25789,56,7458293,238671
5/2/2020,62933,1527,4386,12904,1995,54008,134365,3381836,122506,375,4846,1135156,29196,56,7219622,271806
5/1/2020,61406,1809,4300,12861,9874,54897,132370,3259330,144558,376,4712,1105960,32808,56,6947816,284206
4/30/2020,59597,2160,4192,13246,2382,54905,122496,3114772,125046,373,4708,1073152,30046,56,6663610,277923
4/29/2020,57437,2676,4093,13550,2946,56009,120114,2989726,126964,365,4803,1043106,26176,56,6385687,258102
4/28/2020,54761,2078,3798,13562,2014,56034,117168,2862762,102345,252,4760,1016930,25234,56,6127585,215825
4/27/2020,52683,1290,3720,13812,2245,56183,115154,2760417,94811,252,4867,991696,22407,56,5911760,193275
4/26/2020,51393,1219,2571,14093,2215,56161,112909,2665606,109269,227,5119,969289,27314,56,5718485,202975
4/25/2020,50174,1629,2516,14411,2297,57340,110694,2556337,139873,227,5266,941975,35734,56,5515510,275087
4/24/2020,48545,1974,2468,14623,2388,57370,108397,2416464,123583,227,5194,906241,34226,56,5240423,242650
4/23/2020,46571,1809,2428,14737,2820,59214,106009,2292881,100987,227,5463,872015,31953,56,4997773,215503
4/22/2020,44762,2085,2370,15016,3086,59207,103189,2191894,-180468,227,5474,840062,29176,56,4782270,340284
4/21/2020,42677,2479,2315,14945,2736,59779,100103,2372362,89076,214,5514,810886,26039,56,4441986,169891
4/20/2020,40198,1816,2193,14463,2309,56721,97367,2283286,86064,214,5569,784847,25967,56,4272095,142475
4/19/2020,38382,1763,2145,14385,2177,56497,95058,2197222,86021,214,5603,758880,27523,56,4129620,146983
4/18/2020,36619,1895,2096,14764,3440,57799,92881,2111201,87977,205,5733,731357,27950,56,3982637,171836
4/17/2020,34724,2118,2052,14910,3366,58892,89441,2023224,85164,187,6098,703407,31984,56,3810801,169380
4/16/2020,32606,2194,1834,15136,3172,59496,86075,1938060,97359,176,5940,671423,31527,56,3641421,182181
4/15/2020,30412,2545,1783,14639,3502,59930,82903,1840701,74357,223,6033,639896,29921,56,3459240,151014
4/14/2020,27867,2352,1715,14047,3172,59610,79401,1766344,86006,221,5981,609975,25874,56,3308226,159149
4/13/2020,25515,1633,1622,13605,4491,56211,76229,1680338,78575,208,6170,584101,24281,56,3149077,123364
4/12/2020,23882,1700,1449,13597,3322,55294,71738,1601763,85004,158,5962,559820,28115,56,3025713,139830
4/11/2020,22182,2075,1399,13293,3735,55563,68416,1516759,77691,152,5986,531705,31263,56,2885883,147759
4/10/2020,20107,2083,1179,12693,4911,53167,64681,1439068,77920,39,5937,500442,33608,56,2738124,159151
4/9/2020,18024,2051,918,12445,3829,51323,59770,1361148,102749,39,5798,466834,35116,56,2578973,174008
4/8/2020,15973,2003,862,10276,4387,45359,55941,1258399,83214,39,4142,431718,30959,56,2404965,166904
4/7/2020,13970,2038,738,9978,2931,43849,51554,1175185,94276,43,4047,400759,30476,56,2238061,166073
4/6/2020,11932,1314,663,7079,2962,36159,48623,1080909,82038,39,2961,370283,28243,56,2071988,136557
4/5/2020,10618,1342,609,5811,3953,32180,45661,998871,65943,39,650,342040,25910,56,1935431,122955
4/4/2020,9276,1478,403,5500,4993,30456,41708,932928,163713,39,656,316130,33058,56,1812476,233189
4/3/2020,7798,1287,335,4928,4621,25723,36715,769215,68450,39,623,283072,31890,56,1579287,140567
4/2/2020,6511,1175,305,4513,4164,22995,32094,700765,62485,32,576,251182,28063,56,1438720,127808
4/1/2020,5336,1006,256,3937,4148,20906,27930,638280,61206,32,561,223119,26271,56,1310912,121618
3/31/2020,4330,908,230,3487,3995,18155,23782,577074,60481,,506,196848,24937,56,1189294,116093
3/30/2020,3422,585,187,3087,2473,15892,19787,516593,62897,,449,171911,21202,56,1073201,100746
3/29/2020,2837,505,156,2456,2797,14055,17314,453696,49730,,433,150709,19664,56,972455,83950
3/28/2020,2332,551,140,2174,2406,12393,14517,403966,78626,,390,131045,19771,56,888505,111520
3/27/2020,1781,410,124,1792,2589,10887,12111,325340,56357,,293,111274,19254,56,776985,100267
3/26/2020,1371,313,91,1299,2449,7805,9522,268983,53145,,258,92020,17616,56,676718,107104
3/25/2020,1058,241,74,,1954,5140,7073,215838,40488,,167,74404,12631,56,569614,84080
3/24/2020,817,236,,,1186,3938,5119,175350,43741,,,61773,10882,56,485534,81116
3/23/2020,581,101,,,950,2812,3933,131609,26235,,,50891,11192,56,404418,59067
3/22/2020,480,145,,,962,2173,2983,105374,16061,,,39699,9223,56,345351,50929
3/21/2020,335,62,,,1849,1492,2021,89313,24802,,,30476,6932,56,294422,56228
3/20/2020,273,70,,,44,1042,172,64511,13894,,,23544,6102,56,238194,49246
3/19/2020,203,51,,,34,617,128,50617,11443,,,17442,4614,56,188948,40483
3/18/2020,152,28,,,18,416,94,39174,8022,,,12828,3357,56,148465,33679
3/17/2020,124,24,,,33,325,76,31152,7448,,,9471,2088,56,114786,27255
3/16/2020,100,21,,,6,,43,23704,12909,,,7383,1715,56,87531,25236
3/15/2020,79,15,,,10,,37,10795,2833,,,5668,1289,51,62295,10342
3/14/2020,64,8,,,4,,27,7962,1784,,,4379,1025,51,51953,10271
3/13/2020,56,5,,,6,,23,6178,1295,,,3354,843,51,41682,10201
3/12/2020,51,8,,,5,,17,4883,1156,,,2511,683,51,31481,7048
3/11/2020,43,6,,,3,,12,3727,1142,,,1828,420,51,24433,4699
3/10/2020,37,2,,,0,,9,2585,557,,,1408,388,51,19734,3272
3/9/2020,35,4,,,3,,9,2028,464,,,1020,276,51,16462,2188
3/8/2020,31,4,,,0,,6,1564,202,,,744,170,51,14274,1176
3/7/2020,27,1,,,0,,6,1362,261,,,574,137,51,13098,1008
3/6/2020,26,6,,,1,,6,1101,209,,,437,132,40,12090,2256
3/5/2020,20,4,,,1,,5,892,187,,,305,65,32,9834,1608
3/4/2020,16,2,,,4,,4,705,700,,,240,126,26,8226,1043
3/3/2020,14,3,,,0,,,5,2,,,114,42,16,7183,302
3/2/2020,11,3,,,0,,,3,1,,,72,30,12,6881,216
3/1/2020,8,3,,,0,,,2,2,,,42,24,11,6665,110
2/29/2020,5,1,,,0,,,,0,,,18,3,8,6555,65
2/28/2020,4,2,,,0,,,,0,,,15,2,7,6490,3
2/27/2020,2,0,,,0,,,,0,,,13,1,7,6487,6446
2/26/2020,2,2,,,0,,,,0,,,12,2,6,41,0
2/25/2020,0,0,,,0,,,,0,,,10,1,6,41,1
2/24/2020,0,0,,,0,,,,0,,,9,1,6,40,2
2/23/2020,0,0,,,0,,,,0,,,8,1,6,38,0
2/22/2020,0,0,,,0,,,,0,,,7,0,6,38,1
2/21/2020,0,0,,,0,,,,0,,,7,0,6,37,1
2/20/2020,0,0,,,0,,,,0,,,7,0,6,36,1
2/19/2020,0,0,,,0,,,,0,,,7,0,6,35,6
2/18/2020,0,0,,,0,,,,0,,,7,0,6,29,0
2/17/2020,0,0,,,0,,,,0,,,7,0,6,29,1
2/16/2020,0,0,,,0,,,,0,,,7,0,6,28,2
2/15/2020,0,0,,,0,,,,0,,,7,0,6,26,4
2/14/2020,0,0,,,0,,,,0,,,7,1,5,22,0
2/13/2020,0,0,,,0,,,,0,,,6,1,5,22,1
2/12/2020,0,0,,,0,,,,0,,,5,0,5,21,1
2/11/2020,0,0,,,0,,,,0,,,5,0,5,20,1
2/10/2020,0,0,,,0,,,,0,,,5,0,5,19,1
2/9/2020,,0,,,0,,,,0,,,5,0,4,18,0
2/8/2020,,0,,,0,,,,0,,,5,0,4,18,2
2/7/2020,,0,,,0,,,,0,,,5,0,4,16,0
2/6/2020,,0,,,0,,,,0,,,5,2,4,16,1
2/5/2020,,0,,,0,,,,0,,,3,0,4,15,0
2/4/2020,,0,,,0,,,,0,,,3,0,4,15,4
2/3/2020,,0,,,0,,,,0,,,3,1,4,11,3
2/2/2020,,0,,,0,,,,0,,,2,0,4,8,0
2/1/2020,,0,,,0,,,,0,,,2,0,4,8,0
1/31/2020,,0,,,0,,,,0,,,2,0,4,8,3
1/30/2020,,0,,,0,,,,0,,,2,0,4,5,0
1/29/2020,,0,,,0,,,,0,,,2,0,4,5,2
1/28/2020,,0,,,0,,,,0,,,2,0,3,3,0
1/27/2020,,0,,,0,,,,0,,,2,0,3,3,1
1/26/2020,,0,,,0,,,,0,,,2,0,2,2,0
1/25/2020,,0,,,0,,,,0,,,2,0,2,2,0
1/24/2020,,0,,,0,,,,0,,,2,0,2,2,0
1/23/2020,,0,,,0,,,,0,,,2,0,2,2,1
1/22/2020,,0,,,0,,,,0,,,2,0,2,1,1
1/21/2020,,0,,,0,,,,0,,,2,1,1,0,0
1/20/2020,,0,,,0,,,,0,,,1,0,1,0,0
1/19/2020,,0,,,0,,,,0,,,1,1,1,0,0
1/18/2020,,0,,,0,,,,0,,,0,0,1,0,0
1/17/2020,,0,,,0,,,,0,,,0,0,1,0,0
1/16/2020,,0,,,0,,,,0,,,0,0,1,0,0
1/15/2020,,0,,,0,,,,0,,,0,0,1,0,0
1/14/2020,,0,,,0,,,,0,,,0,0,1,0,0
1/13/2020,,0,,,0,,,,0,,,,0,1,0,0
